{"cameraMode":{"drawMode":0,"name":"Shaded","section":"Shading Mode"},"sceneLighting":false,"audioPlay":false,"sceneViewState":{"showFog":true,"showMaterialUpdate":false,"showSkybox":true,"showFlares":true,"showImageEffects":true,"showParticleSystems":true},"in2DMode":false,"pivot":{"x":235.5723114013672,"y":-0.8407549858093262,"z":210.81314086914063},"rotation":{"x":0.04319065436720848,"y":0.7006990313529968,"z":-0.04257960990071297,"w":0.7108744978904724},"size":22.989999771118165,"orthographic":false}