{"cameraMode":{"drawMode":0,"name":"Shaded","section":"Shading Mode"},"sceneLighting":false,"audioPlay":false,"sceneViewState":{"showFog":true,"showMaterialUpdate":false,"showSkybox":true,"showFlares":true,"showImageEffects":true,"showParticleSystems":true},"in2DMode":false,"pivot":{"x":254.5888671875,"y":4.538198471069336,"z":165.28036499023438},"rotation":{"x":-0.001189730828627944,"y":0.9982555508613586,"z":-0.02157973125576973,"w":-0.05494420975446701},"size":22.989999771118165,"orthographic":false}