{"cameraMode":{"drawMode":0,"name":"Shaded","section":"Shading Mode"},"sceneLighting":false,"audioPlay":false,"sceneViewState":{"showFog":true,"showMaterialUpdate":false,"showSkybox":true,"showFlares":true,"showImageEffects":true,"showParticleSystems":true},"in2DMode":false,"pivot":{"x":234.39157104492188,"y":10.147809982299805,"z":209.06533813476563},"rotation":{"x":-0.014159285463392735,"y":0.6566744446754456,"z":-0.012322302907705307,"w":-0.7539405822753906},"size":3.1999666690826418,"orthographic":false}