{"cameraMode":{"drawMode":0,"name":"Shaded","section":"Shading Mode"},"sceneLighting":false,"audioPlay":false,"sceneViewState":{"showFog":true,"showMaterialUpdate":false,"showSkybox":true,"showFlares":true,"showImageEffects":true,"showParticleSystems":true},"in2DMode":false,"pivot":{"x":36.195640563964847,"y":1.5749999284744263,"z":11.857142448425293},"rotation":{"x":0.1053381860256195,"y":-0.7635927200317383,"z":0.12891949713230134,"w":0.623866856098175},"size":11.512117385864258,"orthographic":false}