{"cameraMode":{"drawMode":0,"name":"Shaded","section":"Shading Mode"},"sceneLighting":false,"audioPlay":false,"sceneViewState":{"showFog":true,"showMaterialUpdate":false,"showSkybox":true,"showFlares":true,"showImageEffects":true,"showParticleSystems":true},"in2DMode":false,"pivot":{"x":107.03715515136719,"y":1.5752429962158204,"z":104.69229125976563},"rotation":{"x":-0.07249036431312561,"y":0.7386080622673035,"z":-0.08046925812959671,"w":-0.6653780937194824},"size":7.394829750061035,"orthographic":false}