{"cameraMode":{"drawMode":0,"name":"Shaded","section":"Shading Mode"},"sceneLighting":false,"audioPlay":false,"sceneViewState":{"showFog":true,"showMaterialUpdate":false,"showSkybox":true,"showFlares":true,"showImageEffects":true,"showParticleSystems":true},"in2DMode":false,"pivot":{"x":45.839569091796878,"y":2.1841609477996828,"z":19.655258178710939},"rotation":{"x":-0.05830574035644531,"y":0.9369825720787048,"z":-0.19018962979316712,"w":-0.28721439838409426},"size":5.219881534576416,"orthographic":false}