{"cameraMode":{"drawMode":0,"name":"Shaded","section":"Shading Mode"},"sceneLighting":false,"audioPlay":false,"sceneViewState":{"showFog":true,"showMaterialUpdate":false,"showSkybox":true,"showFlares":true,"showImageEffects":true,"showParticleSystems":true},"in2DMode":false,"pivot":{"x":192.1451873779297,"y":4.106759548187256,"z":183.13238525390626},"rotation":{"x":-0.0035210202913731338,"y":0.982103168964386,"z":-0.018421407788991929,"w":-0.1874079704284668},"size":22.989999771118165,"orthographic":false}