{"cameraMode":{"drawMode":0,"name":"Shaded","section":"Shading Mode"},"sceneLighting":false,"audioPlay":false,"sceneViewState":{"showFog":true,"showMaterialUpdate":false,"showSkybox":true,"showFlares":true,"showImageEffects":true,"showParticleSystems":true},"in2DMode":false,"pivot":{"x":45.32316207885742,"y":-4.375877380371094,"z":-14.001014709472657},"rotation":{"x":-0.007835745811462403,"y":-0.9529933333396912,"z":0.3018762469291687,"w":-0.024760490283370019},"size":30.815460205078126,"orthographic":false}