{"cameraMode":{"drawMode":0,"name":"Shaded","section":"Shading Mode"},"sceneLighting":false,"audioPlay":false,"sceneViewState":{"showFog":true,"showMaterialUpdate":false,"showSkybox":true,"showFlares":true,"showImageEffects":true,"showParticleSystems":true},"in2DMode":false,"pivot":{"x":276.3549499511719,"y":-3.886654853820801,"z":256.26708984375},"rotation":{"x":-0.16018891334533692,"y":-0.8314175009727478,"z":0.4352487325668335,"w":-0.306011438369751},"size":16.125593185424806,"orthographic":false}