{"cameraMode":{"drawMode":0,"name":"Shaded","section":"Shading Mode"},"sceneLighting":false,"audioPlay":false,"sceneViewState":{"showFog":true,"showMaterialUpdate":false,"showSkybox":true,"showFlares":true,"showImageEffects":true,"showParticleSystems":true},"in2DMode":false,"pivot":{"x":271.9799499511719,"y":1.2730000019073487,"z":208.32159423828126},"rotation":{"x":0.1519274115562439,"y":-0.5151205658912659,"z":0.09334053099155426,"w":0.8383652567863464},"size":3.1999666690826418,"orthographic":false}