{"cameraMode":{"drawMode":0,"name":"Shaded","section":"Shading Mode"},"sceneLighting":true,"audioPlay":false,"sceneViewState":{"showFog":true,"showMaterialUpdate":false,"showSkybox":true,"showFlares":true,"showImageEffects":true,"showParticleSystems":true},"in2DMode":false,"pivot":{"x":248.3302001953125,"y":276.6863708496094,"z":213.25018310546876},"rotation":{"x":0.4909575283527374,"y":-0.508974552154541,"z":0.49379417300224306,"w":0.5060364603996277},"size":2.8999667167663576,"orthographic":false}