{"cameraMode":{"drawMode":0,"name":"Shaded","section":"Shading Mode"},"sceneLighting":false,"audioPlay":false,"sceneViewState":{"showFog":true,"showMaterialUpdate":false,"showSkybox":true,"showFlares":true,"showImageEffects":true,"showParticleSystems":true},"in2DMode":false,"pivot":{"x":226.43008422851563,"y":7.741954803466797,"z":227.2692413330078},"rotation":{"x":-0.03826180472970009,"y":-0.00911918468773365,"z":0.00035657279659062624,"w":-0.9992260932922363},"size":3.1999666690826418,"orthographic":false}