{"cameraMode":{"drawMode":0,"name":"Shaded","section":"Shading Mode"},"sceneLighting":false,"audioPlay":false,"sceneViewState":{"showFog":true,"showMaterialUpdate":false,"showSkybox":true,"showFlares":true,"showImageEffects":true,"showParticleSystems":true},"in2DMode":false,"pivot":{"x":9.426916122436524,"y":2.812197208404541,"z":-2.074070453643799},"rotation":{"x":0.2445615530014038,"y":-0.09336044639348984,"z":0.02365720644593239,"w":0.9648388028144836},"size":32.00830078125,"orthographic":false}