{"cameraMode":{"drawMode":0,"name":"Shaded","section":"Shading Mode"},"sceneLighting":false,"audioPlay":false,"sceneViewState":{"showFog":true,"showMaterialUpdate":false,"showSkybox":true,"showFlares":true,"showImageEffects":true,"showParticleSystems":true},"in2DMode":false,"pivot":{"x":196.16822814941407,"y":-70.16766357421875,"z":346.2996826171875},"rotation":{"x":0.2445615530014038,"y":-0.09336044639348984,"z":0.02365720644593239,"w":0.9648388028144836},"size":162.33119201660157,"orthographic":false}