{"cameraMode":{"drawMode":0,"name":"Shaded","section":"Shading Mode"},"sceneLighting":false,"audioPlay":false,"sceneViewState":{"showFog":true,"showMaterialUpdate":false,"showSkybox":true,"showFlares":true,"showImageEffects":true,"showParticleSystems":true},"in2DMode":false,"pivot":{"x":280.5964050292969,"y":3.462679862976074,"z":203.3865203857422},"rotation":{"x":-0.04569700360298157,"y":0.74082350730896,"z":-0.050650984048843387,"w":-0.6682266592979431},"size":3.1999666690826418,"orthographic":false}