{"cameraMode":{"drawMode":0,"name":"Shaded","section":"Shading Mode"},"sceneLighting":false,"audioPlay":false,"sceneViewState":{"showFog":true,"showMaterialUpdate":false,"showSkybox":true,"showFlares":true,"showImageEffects":true,"showParticleSystems":true},"in2DMode":false,"pivot":{"x":239.37149047851563,"y":-1.536080241203308,"z":210.93255615234376},"rotation":{"x":-0.0403343103826046,"y":0.729746401309967,"z":-0.04320806637406349,"w":-0.6811581254005432},"size":22.989999771118165,"orthographic":false}