{"cameraMode":{"drawMode":0,"name":"Shaded","section":"Shading Mode"},"sceneLighting":false,"audioPlay":false,"sceneViewState":{"showFog":true,"showMaterialUpdate":false,"showSkybox":true,"showFlares":true,"showImageEffects":true,"showParticleSystems":true},"in2DMode":false,"pivot":{"x":228.717041015625,"y":-1.038991928100586,"z":212.9214324951172},"rotation":{"x":-0.20593847334384919,"y":-0.7068977952003479,"z":0.22858481109142304,"w":-0.6368939876556397},"size":22.989999771118165,"orthographic":false}