{"cameraMode":{"drawMode":0,"name":"Shaded","section":"Shading Mode"},"sceneLighting":false,"audioPlay":false,"sceneViewState":{"showFog":true,"showMaterialUpdate":false,"showSkybox":true,"showFlares":true,"showImageEffects":true,"showParticleSystems":true},"in2DMode":false,"pivot":{"x":259.58380126953127,"y":0.9011796712875366,"z":255.13607788085938},"rotation":{"x":0.10237959772348404,"y":-0.8836425542831421,"z":0.39542415738105776,"w":0.22876641154289246},"size":4.309891223907471,"orthographic":false}