{"cameraMode":{"drawMode":0,"name":"Shaded","section":"Shading Mode"},"sceneLighting":false,"audioPlay":false,"sceneViewState":{"showFog":true,"showMaterialUpdate":false,"showSkybox":true,"showFlares":true,"showImageEffects":true,"showParticleSystems":true},"in2DMode":false,"pivot":{"x":76.395263671875,"y":-5.2555670738220219,"z":67.10606384277344},"rotation":{"x":0.20559345185756684,"y":-0.2855111062526703,"z":0.06284695118665695,"w":0.9339513778686523},"size":22.989999771118165,"orthographic":false}