{"cameraMode":{"drawMode":0,"name":"Shaded","section":"Shading Mode"},"sceneLighting":false,"audioPlay":false,"sceneViewState":{"showFog":true,"showMaterialUpdate":false,"showSkybox":true,"showFlares":true,"showImageEffects":true,"showParticleSystems":true},"in2DMode":false,"pivot":{"x":229.219482421875,"y":3.2677488327026369,"z":181.27760314941407},"rotation":{"x":-0.029802054166793824,"y":0.7364118099212647,"z":-0.032505959272384647,"w":-0.6750947833061218},"size":22.989999771118165,"orthographic":false}