{"cameraMode":{"drawMode":0,"name":"Shaded","section":"Shading Mode"},"sceneLighting":false,"audioPlay":false,"sceneViewState":{"showFog":true,"showMaterialUpdate":false,"showSkybox":true,"showFlares":true,"showImageEffects":true,"showParticleSystems":true},"in2DMode":false,"pivot":{"x":217.18203735351563,"y":6.138670921325684,"z":200.97012329101563},"rotation":{"x":0.016590241342782975,"y":-0.6525376439094544,"z":-0.014288824051618576,"w":-0.7574399709701538},"size":22.989999771118165,"orthographic":false}