{"cameraMode":{"drawMode":0,"name":"Shaded","section":"Shading Mode"},"sceneLighting":false,"audioPlay":false,"sceneViewState":{"showFog":true,"showMaterialUpdate":false,"showSkybox":true,"showFlares":true,"showImageEffects":true,"showParticleSystems":true},"in2DMode":false,"pivot":{"x":72.3556900024414,"y":0.07494080066680908,"z":15.677188873291016},"rotation":{"x":-0.16471758484840394,"y":0.13051851093769074,"z":-0.02199525758624077,"w":-0.9774197340011597},"size":13.564324378967286,"orthographic":false}