{"cameraMode":{"drawMode":0,"name":"Shaded","section":"Shading Mode"},"sceneLighting":false,"audioPlay":false,"sceneViewState":{"showFog":true,"showMaterialUpdate":false,"showSkybox":true,"showFlares":true,"showImageEffects":true,"showParticleSystems":true},"in2DMode":false,"pivot":{"x":42.61174392700195,"y":0.43917447328567507,"z":20.853282928466798},"rotation":{"x":-0.013210408389568329,"y":0.9853901267051697,"z":-0.14360995590686799,"w":-0.09059809893369675},"size":2.969106912612915,"orthographic":false}