{"cameraMode":{"drawMode":0,"name":"Shaded","section":"Shading Mode"},"sceneLighting":false,"audioPlay":false,"sceneViewState":{"showFog":true,"showMaterialUpdate":false,"showSkybox":true,"showFlares":true,"showImageEffects":true,"showParticleSystems":true},"in2DMode":false,"pivot":{"x":48.83477783203125,"y":0.6548507213592529,"z":21.572818756103517},"rotation":{"x":-0.08324234187602997,"y":0.3028244078159332,"z":-0.026560941711068155,"w":-0.9490324854850769},"size":2.935802936553955,"orthographic":false}