{"cameraMode":{"drawMode":0,"name":"Shaded","section":"Shading Mode"},"sceneLighting":false,"audioPlay":false,"sceneViewState":{"showFog":true,"showMaterialUpdate":false,"showSkybox":true,"showFlares":true,"showImageEffects":true,"showParticleSystems":true},"in2DMode":false,"pivot":{"x":23.517135620117189,"y":1.0513579845428467,"z":4.363051414489746},"rotation":{"x":-0.08324234187602997,"y":0.3028244078159332,"z":-0.026560941711068155,"w":-0.9490324854850769},"size":5.815263748168945,"orthographic":false}