{"cameraMode":{"drawMode":0,"name":"Shaded","section":"Shading Mode"},"sceneLighting":false,"audioPlay":false,"sceneViewState":{"showFog":true,"showMaterialUpdate":false,"showSkybox":true,"showFlares":true,"showImageEffects":true,"showParticleSystems":true},"in2DMode":false,"pivot":{"x":216.59144592285157,"y":-0.6876369714736939,"z":214.92184448242188},"rotation":{"x":-0.26352742314338686,"y":0.5653659105300903,"z":-0.19696536660194398,"w":-0.7563857436180115},"size":3.1999833583831789,"orthographic":false}