{"cameraMode":{"drawMode":0,"name":"Shaded","section":"Shading Mode"},"sceneLighting":false,"audioPlay":false,"sceneViewState":{"showFog":true,"showMaterialUpdate":false,"showSkybox":true,"showFlares":true,"showImageEffects":true,"showParticleSystems":true},"in2DMode":false,"pivot":{"x":201.1270751953125,"y":3.2883918285369875,"z":176.9512939453125},"rotation":{"x":0.05722425505518913,"y":0.5416233539581299,"z":-0.03699669986963272,"w":0.8378548622131348},"size":22.989999771118165,"orthographic":false}